{
  "properties": {
    "connectionReferences": {},
    "definition": {
      "$schema": "https://schema.management.azure.com/providers/Microsoft.Logic/schemas/2016-06-01/workflowdefinition.json#",
      "contentVersion": "1.0.0.0",
      "parameters": {
        "$authentication": {
          "defaultValue": {},
          "type": "SecureObject"
        }
      },
      "triggers": {
        "manual": {
          "metadata": {
            "operationMetadataId": "75aca43b-9e68-4144-b1d6-d834c0070d4b"
          },
          "type": "Request",
          "kind": "PowerAppV2",
          "inputs": {
            "schema": {
              "type": "object",
              "properties": {},
              "required": []
            }
          }
        }
      },
      "actions": {
        "PowerApp_または_Flow_に応答する": {
          "runAfter": {},
          "metadata": {
            "operationMetadataId": "f5f83e1a-46cb-4ad4-8127-12e5fc79d894"
          },
          "type": "Response",
          "kind": "PowerApp",
          "inputs": {
            "statusCode": 200,
            "body": {
              "ip": "@{triggerOutputs()?['headers']?['X-Forwarded-For']}"
            },
            "schema": {
              "type": "object",
              "properties": {
                "ip": {
                  "title": "IP",
                  "x-ms-dynamically-added": true,
                  "type": "string"
                }
              }
            }
          },
          "description": "triggerOutputs()?['headers']?['X-Forwarded-For']"
        }
      }
    },
    "templateName": ""
  },
  "schemaVersion": "1.0.0.0"
}